[
    {
        "departure_city": "TP. Hồ Chí Minh",
        "arrival_city": "Trà Ôn",
        "bus_type": "Giường",
        "duration": 11760,
        "distance": 161000
    },
    {
        "departure_city": "TP. Hồ Chí Minh",
        "arrival_city": "Cần Thơ",
        "bus_type": "Limousine",
        "duration": 11520,
        "distance": 166000
    },
    {
        "departure_city": "TP. Hồ Chí Minh",
        "arrival_city": "Vĩnh Châu",
        "bus_type": "Giường",
        "duration": 17460,
        "distance": 247000
    },
    {
        "departure_city": "TP. Hồ Chí Minh",
        "arrival_city": "Cà Mau",
        "bus_type": "Giường",
        "duration": 19800,
        "distance": 282000
    },
    {
        "departure_city": "TP.Hồ Chí Minh",
        "arrival_city": "Bến Tre",
        "bus_type": "Ghế",
        "duration": 7200,
        "distance": 75000
    },
    {
        "departure_city": "TP.Hồ Chí Minh",
        "arrival_city": "Thốt Nốt",
        "bus_type": "Giường/Ghế",
        "duration": 16200,
        "distance": 208000
    },
    {
        "departure_city": "TP.Hồ Chí Minh",
        "arrival_city": "Trà Vinh",
        "bus_type": "Giường",
        "duration": 12600,
        "distance": 132713
    },
    {
        "departure_city": "TP.Hồ Chí Minh",
        "arrival_city": "Năm Căn",
        "bus_type": "Giường",
        "duration": 26280,
        "distance": 357000
    },
    {
        "departure_city": "TP.Hồ Chí Minh",
        "arrival_city": "Tri Tôn",
        "bus_type": "Giường",
        "duration": 17940,
        "distance": 232000
    },
    {
        "departure_city": "TP.Hồ Chí Minh",
        "arrival_city": "Sóc Trăng",
        "bus_type": "Giường",
        "duration": 19800,
        "distance": 222859
    },
    {
        "departure_city": "TP.Hồ Chí Minh",
        "arrival_city": "Hà Tiên",
        "bus_type": "Giường",
        "duration": 28800,
        "distance": 315975
    },
    {
        "departure_city": "TP.Hồ Chí Minh",
        "arrival_city": "Hồng Ngự",
        "bus_type": "Giường",
        "duration": 18000,
        "distance": 177628
    },
    {
        "departure_city": "TP.Hồ Chí Minh",
        "arrival_city": "Vị Thanh",
        "bus_type": "Giường",
        "duration": 18000,
        "distance": 209365
    },
    {
        "departure_city": "TP.Hồ Chí Minh",
        "arrival_city": "Bạc Liêu",
        "bus_type": "Giường",
        "duration": 21600,
        "distance": 271858
    },
    {
        "departure_city": "TP.Hồ Chí Minh",
        "arrival_city": "Sa Đéc",
        "bus_type": "Ghế",
        "duration": 10800,
        "distance": 142362
    },
    {
        "departure_city": "TP.Hồ Chí Minh",
        "arrival_city": "Long Xuyên",
        "bus_type": "Ghế",
        "duration": 18000,
        "distance": 186202
    },
    {
        "departure_city": "TP.Hồ Chí Minh",
        "arrival_city": "Rạch Giá",
        "bus_type": "Giường",
        "duration": 22500,
        "distance": 271668
    },
    {
        "departure_city": "TP.Hồ Chí Minh",
        "arrival_city": "Cao Lãnh",
        "bus_type": "Giường",
        "duration": 10800,
        "distance": 145443
    },
    {
        "departure_city": "TP.Hồ Chí Minh",
        "arrival_city": "Châu Đốc",
        "bus_type": "Giường",
        "duration": 22500,
        "distance": 240104
    },
    {
        "departure_city": "TP.Hồ Chí Minh",
        "arrival_city": "Cần Thơ",
        "bus_type": "Giường",
        "duration": 12600,
        "distance": 166961
    },
    {
        "departure_city": "TP.Hồ Chí Minh",
        "arrival_city": "Cà Mau",
        "bus_type": "Giường",
        "duration": 28800,
        "distance": 302667
    },
    {
        "departure_city": "Bạc Liêu",
        "arrival_city": "TP.Hồ Chí Minh",
        "bus_type": "Giường",
        "duration": 21600,
        "distance": 271022
    },
    {
        "departure_city": "Bến Tre",
        "arrival_city": "TP.Hồ Chí Minh",
        "bus_type": "Ghế",
        "duration": 7200,
        "distance": 75000
    },
    {
        "departure_city": "Cà Mau",
        "arrival_city": "TP.Hồ Chí Minh",
        "bus_type": "Giường",
        "duration": 28800,
        "distance": 302081
    },
    {
        "departure_city": "Cà Mau",
        "arrival_city": "TP. Hồ Chí Minh",
        "bus_type": "Giường",
        "duration": 19800,
        "distance": 282000
    },
    {
        "departure_city": "Cần Thơ",
        "arrival_city": "TP.Hồ Chí Minh",
        "bus_type": "Ghế",
        "duration": 12600,
        "distance": 166905
    },
    {
        "departure_city": "Cần Thơ",
        "arrival_city": "TP. Hồ Chí Minh",
        "bus_type": "Limousine",
        "duration": 11520,
        "distance": 166000
    },
    {
        "departure_city": "Cao Lãnh",
        "arrival_city": "TP.Hồ Chí Minh",
        "bus_type": "Giường",
        "duration": 10800,
        "distance": 144146
    },
    {
        "departure_city": "Châu Đốc",
        "arrival_city": "TP.Hồ Chí Minh",
        "bus_type": "Giường",
        "duration": 22500,
        "distance": 240277
    },
    {
        "departure_city": "Hà Tiên",
        "arrival_city": "TP.Hồ Chí Minh",
        "bus_type": "Giường",
        "duration": 28800,
        "distance": 313831
    },
    {
        "departure_city": "Hồng Ngự",
        "arrival_city": "TP.Hồ Chí Minh",
        "bus_type": "Giường",
        "duration": 18000,
        "distance": 177706
    },
    {
        "departure_city": "Long Xuyên",
        "arrival_city": "TP.Hồ Chí Minh",
        "bus_type": "Ghế",
        "duration": 18000,
        "distance": 186026
    },
    {
        "departure_city": "Năm Căn",
        "arrival_city": "TP.Hồ Chí Minh",
        "bus_type": "Giường",
        "duration": 26280,
        "distance": 357000
    },
    {
        "departure_city": "Rạch giá",
        "arrival_city": "TP.Hồ Chí Minh",
        "bus_type": "Giường",
        "duration": 22500,
        "distance": 271232
    },
    {
        "departure_city": "Sa Đéc",
        "arrival_city": "TP.Hồ Chí Minh",
        "bus_type": "Ghế",
        "duration": 10800,
        "distance": 142318
    },
    {
        "departure_city": "Sóc Trăng",
        "arrival_city": "TP.Hồ Chí Minh",
        "bus_type": "Giường",
        "duration": 19800,
        "distance": 222316
    },
    {
        "departure_city": "Thốt Nốt",
        "arrival_city": "TP.Hồ Chí Minh",
        "bus_type": "Giường/Ghế",
        "duration": 16200,
        "distance": 208000
    },
    {
        "departure_city": "Trà Ôn",
        "arrival_city": "TP. Hồ Chí Minh",
        "bus_type": "Giường",
        "duration": 11760,
        "distance": 161000
    },
    {
        "departure_city": "Trà Vinh",
        "arrival_city": "TP.Hồ Chí Minh",
        "bus_type": "Giường",
        "duration": 12600,
        "distance": 130037
    },
    {
        "departure_city": "Tri Tôn",
        "arrival_city": "TP. Hồ Chí Minh",
        "bus_type": "Giường",
        "duration": 17940,
        "distance": 232000
    },
    {
        "departure_city": "Vị Thanh",
        "arrival_city": "TP.Hồ Chí Minh",
        "bus_type": "Ghế",
        "duration": 18000,
        "distance": 208700
    },
    {
        "departure_city": "Vĩnh Châu",
        "arrival_city": "TP. Hồ Chí Minh",
        "bus_type": "Giường",
        "duration": 17460,
        "distance": 247000
    }
]